Job Title,Link,Role,Industry,Department,Education (UG),Education (PG),Key Skills,Description
Medical Officer,https://www.naukri.com/job-listings-medical-officer-the-hans-foundation-bokaro-dhanbad-jamshedpur-ranchi-1-to-5-years-190326501460,Chief Medical Officer,Medical Services / Hospital,Healthcare & Life Sciences,Any Graduate,Any Postgraduate,"Waste management, Water treatment, telemedicine, Team management, Patient care, Indenting, Healthcare, Catering, Monitoring, Public health",Description block not found or inaccessible
Medical Officer,https://www.naukri.com/job-listings-medical-officer-the-hans-foundation-dhanbad-1-to-5-years-170326501676,Chief Medical Officer,Medical Services / Hospital,Healthcare & Life Sciences,Any Graduate,Any Postgraduate,"Waste management, Water treatment, telemedicine, Team management, Patient care, Indenting, Healthcare, Catering, Monitoring, Public health",Description block not found or inaccessible
Medical Officer,https://www.naukri.com/job-listings-medical-officer-z2plus-placement-security-agency-pvt-ltd-simdega-lohardaga-gumla-khunti-0-to-5-years-270226505390,Chief Medical Officer,Medical Services / Hospital,Healthcare & Life Sciences,Any Graduate,Any Postgraduate,"medical, recruitment, communication and interpersonal skills, patient care, research, healthcare",Description block not found or inaccessible
Duty Medical Officer,https://www.naukri.com/job-listings-duty-medical-officer-nephroplus-ranchi-0-to-4-years-080425011200,Medical Officer,Medical Devices & Equipment,Healthcare & Life Sciences,MBBS - Bachelor of Medicine and Bachelor of Surgery in Any Specialization,Not Found,"Medical Officer, Medical Rounds, Healthcare Services, Nephrology, Duty Medical Officer, DMO, Dialysis Support, Medical Supervision, Emergency Handling, Inpatient Management, Patient Assessment, Patient Care, ICU Support, Dialysis Unit, Clinical Monitoring, Renal Care, Hospital Duty",Description block not found or inaccessible
Medical Officer,https://www.naukri.com/job-listings-medical-officer-z2plus-placement-security-agency-pvt-ltd-simdega-gumla-ranchi-0-to-6-years-270226505204,Chief Medical Officer,Medical Services / Hospital,Healthcare & Life Sciences,MBBS - Bachelor of Medicine and Bachelor of Surgery in Medicine,Any Postgraduate,"medical, recruitment, communication and interpersonal skills, patient care, research, healthcare",Description block not found or inaccessible
Medical Doctor,https://www.naukri.com/job-listings-medical-doctor-z2plus-placement-security-agency-pvt-ltd-simdega-gumla-ranchi-ramgarh-0-to-3-years-270226505389,Infectiologist,Medical Services / Hospital,Healthcare & Life Sciences,Any Graduate,Any Postgraduate,"doctor, medical, mbbs, recruitment, quality improvement, communication and interpersonal skills, research, healthcare",Description block not found or inaccessible
Duty Medical Officer,https://www.naukri.com/job-listings-duty-medical-officer-z2plus-placement-security-agency-pvt-ltd-simdega-gumla-ranchi-0-to-6-years-270226505388,Medical Officer,Medical Services / Hospital,Healthcare & Life Sciences,MBBS - Bachelor of Medicine and Bachelor of Surgery in Medicine,Any Postgraduate,"medical, recruitment, communication and interpersonal skills, patient care, healthcare",Description block not found or inaccessible
Medical Officer,https://www.naukri.com/job-listings-medical-officer-baba-computers-bokaro-dhanbad-jamshedpur-ranchi-2-to-5-years-230326505786,Medical Officer,Electronics Manufacturing,Healthcare & Life Sciences,MBBS - Bachelor of Medicine and Bachelor of Surgery in Medicine,Any Postgraduate,"Healthcare, Consultancy, Counselling",Description block not found or inaccessible
Medical Doctor,https://www.naukri.com/job-listings-medical-doctor-z2plus-placement-security-agency-pvt-ltd-lohardaga-chaibasa-gumla-ranchi-chakradharpur-0-to-3-years-270226505280,Infectiologist,Medical Services / Hospital,Healthcare & Life Sciences,MBBS - Bachelor of Medicine and Bachelor of Surgery in Medicine,Any Postgraduate,"doctor, medical, mbbs, recruitment, quality improvement, communication and interpersonal skills, patient care, research, healthcare",Description block not found or inaccessible
Medical Officer,https://www.naukri.com/job-listings-medical-officer-chc-group-india-cuttack-deoghar-0-to-3-years-250226504060,Chief Medical Officer,Medical Services / Hospital,Healthcare & Life Sciences,Any Graduate,Any Postgraduate,"opd, pharmaceutical, tpa, emergency medicine, health care services, ip drg, critical care, medicine, hospital administration, patient care, general medicine, healthcare, pediatrics, surgical, physician activities, casualty, iccu, doctor activities, surgery",Description block not found or inaccessible
Medical Officer,https://www.naukri.com/job-listings-medical-officer-z2plus-placement-security-agency-pvt-ltd-bokaro-0-to-4-years-270226505297,Chief Medical Officer,Medical Services / Hospital,Healthcare & Life Sciences,MBBS - Bachelor of Medicine and Bachelor of Surgery in Medicine,Any Postgraduate,"medical, recruitment, communication and interpersonal skills, patient care, research, healthcare",Description block not found or inaccessible
Medical Officer,https://www.naukri.com/job-listings-medical-officer-z2plus-placement-security-agency-pvt-ltd-ranchi-0-to-5-years-270226505302,Chief Medical Officer,Medical Services / Hospital,Healthcare & Life Sciences,Any Graduate,Any Postgraduate,"medical, recruitment, communication and interpersonal skills, patient care, research, healthcare",Description block not found or inaccessible
Pharmacist,https://www.naukri.com/job-listings-pharmacist-m-s-vardaan-hospitals-and-research-centre-ranchi-0-to-2-years-280725503237,Pharmacist,Medical Services / Hospital,Healthcare & Life Sciences,Any Graduate,Any Postgraduate,"pharmaceutical, side, opd, medicine, medical services, inventory, pharmacovigilance, drug, healthcare, cal, compounding, epidemiology, clinical pharmacy, clinical research, immunization, pharmacology, dispensing, public health, nicu, communication skills",Description block not found or inaccessible
Medical Representative,https://www.naukri.com/job-listings-medical-representative-alembic-group-jamshedpur-0-to-3-years-100725500031,Field Sales Executive,Pharmaceutical & Life Sciences,Sales & Business Development,Any Graduate,Any Postgraduate,"pharmaceutical, area sales management, business development, medicine, retail sales, distribution, sales, healthcare, sales and marketing, marketing, sales promotion, transmission, institutional sales, field work, communication skills",Description block not found or inaccessible
Assistant Vice President/Manager - Medical Business Operation,https://www.naukri.com/job-listings-assistant-vice-president-manager-medical-business-operation-benovymed-healthcare-ranchi-3-to-8-years-240226938979,Allied Health Manager,Medical Services / Hospital,Healthcare & Life Sciences,"B.Sc - Bachelor of Science in Chemistry, B.Pharma - Bachelor of Pharmacy in Pharmaceutical Analysis and Quality Assurance, BDS - Bachelor of Dental Surgery in Dentistry, Any Graduate, MBBS - Bachelor of Medicine and Bachelor of Surgery in Medicine",MS/M.Sc(Science) in Chemistry,"Medical Business Operation, Patient Records, Medical Counseling, Patient Care, Healthcare Support Operations, Medical Training, Patient Safety, Startup",Description block not found or inaccessible
RESIDENT MEDICAL OFFICER,https://www.naukri.com/job-listings-resident-medical-officer-doctors-door-ranchi-0-to-5-years-130326501492,Medical Officer,Medical Devices & Equipment,Healthcare & Life Sciences,MBBS - Bachelor of Medicine and Bachelor of Surgery in Medicine,Any Postgraduate,"medical, r, mbbs, resident medical, hospital, resident medical officer, mrs",Description block not found or inaccessible
Sales Head/ RSM/ Area Sales Manager/ TSM and BDE,https://www.naukri.com/job-listings-sales-head-rsm-area-sales-manager-tsm-and-bde-people-resources-ranchi-2-to-7-years-240325008162,Business Development Manager (BDM),Medical Services / Hospital (Diagnostics),Sales & Business Development,B.Sc - Bachelor of Science in Any Specialization,Not Found,"Sales And Marketing, Healthcare Sales, Pharma Selling, Pathology, MR, Diagnostic Sales, Lab Marketing",Description block not found or inaccessible
Business Executive (Medical Representative),https://www.naukri.com/job-listings-business-executive-medical-representative-eris-lifesciences-jamshedpur-0-to-4-years-220126501034,Business Development Executive (BDE),Pharmaceutical & Life Sciences,Sales & Business Development,Any Graduate,Any Postgraduate,"pharmaceutical, customer relationship, cold calling, new business, crm software, business development, sales, research, healthcare, excel, marketing, sales management, promotions, marketing campaigns, negotiation, demonstration, powerpoint, communication skills, crm",Description block not found or inaccessible
CASUALTY MEDICAL OFFICER,https://www.naukri.com/job-listings-casualty-medical-officer-doctors-door-ranchi-0-to-5-years-200226503737,Chief Medical Officer,Medical Devices & Equipment,Healthcare & Life Sciences,MBBS - Bachelor of Medicine and Bachelor of Surgery in Medicine,Any Postgraduate,"digital marketing, opd, cmo, data validation, emergency medicine, general management, medicine, business development, patient care, healthcare, change control, marketing, rmo, quality assurance, qms, vp, e-commerce, casualty, doctor activities, communication skills",Description block not found or inaccessible
Medical Representative/Territory Sales Manager-Pharma Ind,https://www.naukri.com/job-listings-medical-representative-territory-sales-manager-pharma-ind-shivay-hr-consulting-kolkata-mumbai-bhopal-patna-ranchi-4-to-10-years-271025504287,Territory Sales Manager (B2C),Management Consulting,Sales & Business Development,Any Graduate,Any Postgraduate,"SIDE, Sales strategy, Pharma Sales Executive, Pharma, Healthcare, Territory sales, Medical Representative, Monitoring",Description block not found or inaccessible
Finance Executive,https://www.naukri.com/job-listings-finance-executive-itc-ranchi-2-to-7-years-030326031873,Finance & Accounting - Other,FMCG,Finance & Accounting,Not Found,ICWA (CMA) in Any Specialization,"Accounting, Inward, Plant Finance, Stock Accounting, CMA, ICWA, Commercial Tax, Taxation, Inventory",Description block not found or inaccessible
U-SPARK Future Bankers Program by Ujjivan Small Finance Bank-,https://www.naukri.com/job-listings-u-spark-future-bankers-program-by-ujjivan-small-finance-bank-ujjivan-small-finance-bank-kolkata-patna-ranchi-0-to-0-years-070326020118,"BFSI, Investments & Trading - Other",Banking,"BFSI, Investments & Trading",Any Graduate,Not Found,Fresher Hiring,Description block not found or inaccessible
Financial Inclusion Officer,https://www.naukri.com/job-listings-financial-inclusion-officer-ujjivan-small-finance-bank-limited-kolkata-gamharia-jamshedpur-0-to-1-years-270226921607,Collection Executive / Officer,Banking,"BFSI, Investments & Trading",Any Graduate,Any Postgraduate,"financial inclusion, insurance, cro, bc, casa, csr, loans, sla, media, cross selling, digital platforms, sales, insurance products, upi, banking, tpp, compliance, dbt, digital banking, crm, mobile banking",Description block not found or inaccessible
Financial Inclusion Officer,https://www.naukri.com/job-listings-financial-inclusion-officer-ujjivan-financial-services-ltd-jamshedpur-0-to-1-years-230226918502,Treasury & Forex - Other,Banking,"BFSI, Investments & Trading",Any Graduate,Any Postgraduate,"financial inclusion, insurance, cro, bc, casa, csr, loans, sla, media, cross selling, digital platforms, sales, insurance products, upi, banking, tpp, compliance, dbt, digital banking, crm, mobile banking",Description block not found or inaccessible
Finance Business Partner,https://www.naukri.com/job-listings-finance-business-partner-arvind-limited-varanasi-ranchi-ahmedabad-1-to-5-years-180326032764,Finance - Other,Textile & Apparel (Yarn & Fabric),Finance & Accounting,Not Found,"CA in First Attempt, PG Diploma, MBA/PGDM in Finance","strategic initiatives, Business Finance, Digitization, business partnering, Business Strategy",Description block not found or inaccessible
Financial Services Representative,https://www.naukri.com/job-listings-financial-services-representative-suparnix-technologies-bermo-0-to-3-years-031125502343,Treasury Executive,IT Services & Consulting,Finance & Accounting,Any Graduate,Any Postgraduate,"Representative, Financial services",Description block not found or inaccessible
Deputy Manager - Lifestyle Finance,https://www.naukri.com/job-listings-deputy-manager-lifestyle-finance-bajaj-finance-limited-jamshedpur-2-to-3-years-170326928004,Not Found,Not Found,Not Found,,,"Finance, Fos Productivity, Sales, Sales Targets, Service Delivery, Relationship Management, Reconciliation, Sales Numbers, Channel Relationships, Communication And Interpersonal Skills, Finance Penetration, Controllership",Description block not found or inaccessible
Deputy Chief Financial Officer,https://www.naukri.com/job-listings-deputy-chief-financial-officer-vedanta-limited-bokaro-12-to-15-years-200326504853,Treasury Head,Metals & Mining,Finance & Accounting,Any Graduate,Any Postgraduate,"forecasting, internal control, cash management, regulatory, financial forecasting, accounting, business acumen, budgeting, accounting standards, project financing, compliance, negotiation, decision making, executive management, financing, tax reporting, reporting",Description block not found or inaccessible
Deputy Manager - Lifestyle Finance,https://www.naukri.com/job-listings-deputy-manager-lifestyle-finance-bajaj-finance-limited-ranchi-2-to-3-years-170326927998,Not Found,Not Found,Not Found,,,"Finance, Fos Productivity, Sales, Sales Targets, Service Delivery, Relationship Management, Reconciliation, Sales Numbers, Channel Relationships, Communication And Interpersonal Skills, Finance Penetration, Controllership",Description block not found or inaccessible
Assistant Manager/ Deputy Manager / Manager- Finance & Accounts,https://www.naukri.com/job-listings-assistant-manager-deputy-manager-manager-finance-accounts-gennext-india-private-limited-barmer-jamshedpur-5-to-10-years-140226015335,Finance Manager,Metals & Mining,Finance & Accounting,Not Found,CA in CA,"Finance, account",Description block not found or inaccessible
Manager - Corporate Audit ( Finance & Commercial ),https://www.naukri.com/job-listings-manager-corporate-audit-finance-commercial-synergy-source-hr-solutions-dhenkanal-jamshedpur-1-to-6-years-230326027901,Audit Manager,Industrial Equipment / Machinery,Finance & Accounting,Not Found,CA in CA,"Internal Audit, Statutory Audit, Internal Financial Control, Internal Control, Compliance, Capex audit, corporate audit",Description block not found or inaccessible
Sr Executive-Financial Planning & Analyst,https://www.naukri.com/job-listings-sr-executive-financial-planning-analyst-medhavi-skills-university-sikkim-dhanbad-3-to-5-years-230326501858,Business Analyst,Education / Training,Data Science & Analytics,Any Graduate,Any Postgraduate,"Tally, MIS, Project management, Business analytics, Financial planning, Budgeting, Forecasting, Business operations, Service operations, SQL",Description block not found or inaccessible
Finance and Accounts Manager - Manufacturing Industry,https://www.naukri.com/job-listings-finance-and-accounts-manager-manufacturing-industry-bhandari-feeds-hazaribag-10-to-15-years-050326023007,Finance Manager,Miscellaneous,Finance & Accounting,Not Found,M.Com in Commerce,Finance And Accounts,Description block not found or inaccessible
Finance Head,https://www.naukri.com/job-listings-finance-head-canbica-ranchi-4-to-8-years-200326010194,Finance & Accounting - Other,Iron & Steel,Finance & Accounting,Not Found,CA in CA,"Finance Control, Income Tax, Financial Planning, Gst, Financial Management, Fund Raising, Accounting, Cost Control, Financial Strategy, Taxation, Variance Analysis, Cash Flow Management",Description block not found or inaccessible
Senior Manager - Finance & Accounts,https://www.naukri.com/job-listings-senior-manager-finance-accounts-adani-transmission-bokaro-dhanbad-jamshedpur-ranchi-12-to-17-years-240226504728,Finance Manager,Power,Finance & Accounting,Any Graduate,Any Postgraduate,"Customer profitability, SAP ERP, MIS, Finance, Billing, Budgeting, MS Office, Monitoring, Auditing, Profitability analysis",Description block not found or inaccessible
General Manager - Finance & Accounts,https://www.naukri.com/job-listings-general-manager-finance-accounts-varun-beverages-ltd-jamshedpur-10-to-15-years-190326016364,Treasury Head,FMCG,Finance & Accounting,Not Found,CA in Any Specialization,"sap, set, analytical, indirect, interpersonal skills, accounting, business planning, reconciliation, sales, indirect taxation, manufacturing unit, finance function, financial management, financial control, finance and accounts, financial accounting, taxation, ca, communication skills",Description block not found or inaccessible
Manager Finance & Accounts,https://www.naukri.com/job-listings-manager-finance-accounts-medhavi-skills-university-sikkim-dhanbad-2-to-7-years-130326502976,Finance Manager,Education / Training,Finance & Accounting,Any Graduate,CA in CA,"Financial statements, Income tax, Tally ERP, Financial accounting, Analytical, Finance, Reconciliation, Financial planning, Taxation, Budgeting, Security Guidelines, Terms and Conditions",Description block not found or inaccessible
Relationship Manager For Financial Sector,https://www.naukri.com/job-listings-relationship-manager-for-financial-sector-ssp-solutions-kolkata-rourkela-ranchi-2-to-4-years-090326028620,Sales Manager,Financial Services (Broking),"BFSI, Investments & Trading",Any Graduate,Not Found,"Financial Products Sales, Insurance Sales, Mutual Funds Sales, Equity Sales, Banking Sales",Description block not found or inaccessible
Senior Finance AND Accounts Manager,https://www.naukri.com/job-listings-senior-finance-and-accounts-manager-it-scient-jamshedpur-5-to-10-years-220126030190,Finance & Accounting - Other,Industrial Equipment / Machinery (Machine Tools),Finance & Accounting,B.Com - Bachelor of Commerce in Commerce,Not Found,Finance And Accounts,Description block not found or inaccessible
Finance and Accounts Professional,https://www.naukri.com/job-listings-finance-and-accounts-professional-z2plus-placement-amp-amp-amp-amp-security-agency-pvt-ltd-ranchi-3-to-8-years-140223501394,Finance Manager,Recruitment / Staffing,Finance & Accounting,"Any Graduate, B.Com - Bachelor of Commerce in Commerce",Any Postgraduate,"Procurement, TDS, Financial statements, Financial reporting, Analytical, VLOOKUP, Reconciliation, Payroll preparation, Financial management, Cash flow",Description block not found or inaccessible
Hdfc Bank _ Branch Sales Officer-Retail Branch Banking_ Jharkhand,https://www.naukri.com/job-listings-hdfc-bank-branch-sales-officer-retail-branch-banking-jharkhand-hdfc-bank-giridih-jharkhand-0-to-4-years-060326022133,Not Found,Not Found,Not Found,,Not Found,"Current & savings account, Sales, Loan, Business loan, Retail Sales, B2C Sales, Gold loan, Home loan, Car loan, Field Sales, Branch Sales, Business Development, Corporate salary account, Two-wheeler loan",Description block not found or inaccessible
Loan Officer - Retail MFB - Sales,https://www.naukri.com/job-listings-loan-officer-retail-mfb-sales-tata-capital-ltd-bhawnathpur-0-to-2-years-261225500141,Retail Sales,Financial Services,Sales & Business Development,Any Graduate,Any Postgraduate,"Relationship management, Loans, Basic, Sales, Microfinance, Delinquency management, Customer service, Management, Market penetration, Operations, Security Guidelines, Terms and Conditions",Description block not found or inaccessible
Loan Officer - Retail MFB - Sales,https://www.naukri.com/job-listings-loan-officer-retail-mfb-sales-tata-capital-ltd-satbarwa-0-to-3-years-291225502394,Retail Sales,Financial Services,Sales & Business Development,Any Graduate,Any Postgraduate,"Relationship management, Loans, Basic, Sales, Microfinance, Delinquency management, Customer service, Management, Market penetration, Operations, Security Guidelines, Terms and Conditions",Description block not found or inaccessible
Loan Officer - Retail MFB - Sales - Garhwa - Bishrampur - J Grades,https://www.naukri.com/job-listings-loan-officer-retail-mfb-sales-garhwa-bishrampur-j-grades-tata-capital-ltd-bishrampur-garhwa-0-to-2-years-021225503306,Retail Sales,Financial Services,Sales & Business Development,Any Graduate,Any Postgraduate,"Relationship management, Loans, Basic, Sales, Microfinance, Delinquency management, Customer service, Management, Market penetration, Operations, Security Guidelines, Terms and Conditions",Description block not found or inaccessible
Loan Officer - Retail MFB - Sales,https://www.naukri.com/job-listings-loan-officer-retail-mfb-sales-tata-capital-ltd-kodarma-0-to-5-years-021225503017,Retail Sales,Financial Services,Sales & Business Development,Any Graduate,Any Postgraduate,"Relationship management, Loans, Basic, Sales, Microfinance, Delinquency management, Customer service, Management, Market penetration, Operations, Security Guidelines, Terms and Conditions",Description block not found or inaccessible
Loan Officer - Retail MFB - Sales,https://www.naukri.com/job-listings-loan-officer-retail-mfb-sales-tata-capital-ltd-palamu-0-to-3-years-261225500698,Retail Sales,Financial Services,Sales & Business Development,Any Graduate,Any Postgraduate,"Relationship management, Loans, Basic, Sales, Microfinance, Delinquency management, Customer service, Management, Market penetration, Operations, Security Guidelines, Terms and Conditions",Description block not found or inaccessible
Loan Officer - Retail MFB - Sales - Chatra,https://www.naukri.com/job-listings-loan-officer-retail-mfb-sales-chatra-tata-capital-ltd-ranchi-0-to-5-years-160226506931,Retail Sales,Financial Services,Sales & Business Development,Any Graduate,Any Postgraduate,"Relationship management, Loans, Basic, Sales, Microfinance, Delinquency management, Customer service, Management, Market penetration, Operations, Security Guidelines, Terms and Conditions",Description block not found or inaccessible
Loan Officer - Retail MFB - Sales - Giridih - Pachamba - J Grades,https://www.naukri.com/job-listings-loan-officer-retail-mfb-sales-giridih-pachamba-j-grades-tata-capital-ltd-giridih-0-to-4-years-021225502785,Retail Sales,Financial Services,Sales & Business Development,Any Graduate,Any Postgraduate,"Relationship management, Loans, Basic, Sales, Microfinance, Delinquency management, Customer service, Management, Market penetration, Operations, Security Guidelines, Terms and Conditions",Description block not found or inaccessible
Loan Officer - Retail MFB - Sales - Itkhori - Gandhi Chowk - J Grades,https://www.naukri.com/job-listings-loan-officer-retail-mfb-sales-itkhori-gandhi-chowk-j-grades-tata-capital-ltd-itkhori-lucknow-0-to-5-years-021225503009,Retail Sales,Financial Services,Sales & Business Development,Any Graduate,Any Postgraduate,"Relationship management, Loans, Basic, Sales, Microfinance, Delinquency management, Customer service, Management, Market penetration, Operations, Security Guidelines, Terms and Conditions",Description block not found or inaccessible
Loan Officer - Retail MFB - Sales,https://www.naukri.com/job-listings-loan-officer-retail-mfb-sales-tata-capital-ltd-giridih-0-to-3-years-021225502886,Retail Sales,Financial Services,Sales & Business Development,Any Graduate,Any Postgraduate,"Relationship management, Loans, Basic, Sales, Microfinance, Delinquency management, Customer service, Management, Market penetration, Operations, Security Guidelines, Terms and Conditions",Description block not found or inaccessible
Loan Officer - Retail MFB - Sales,https://www.naukri.com/job-listings-loan-officer-retail-mfb-sales-tata-capital-ltd-ranchi-0-to-3-years-300525504048,Retail Sales,Financial Services,Sales & Business Development,Any Graduate,Any Postgraduate,"Training, Loans, Retail, Client satisfaction, Sales, Microfinance, Market penetration",Description block not found or inaccessible
Retail Sales Executive,https://www.naukri.com/job-listings-retail-sales-executive-berger-paints-india-ltd-british-paints-div-jamshedpur-1-to-6-years-221225501973,Retail Sales,Industrial Equipment / Machinery,Sales & Business Development,Any Graduate,Any Postgraduate,"sales operations, point of sale systems, operations, customer service, retail sales, communication and interpersonal skills, sales targets, sales executive, sales, retail, communication skills",Description block not found or inaccessible
Loan Officer - Retail MFB - Sales - Korrah - Orya - J Grades,https://www.naukri.com/job-listings-loan-officer-retail-mfb-sales-korrah-orya-j-grades-tata-capital-ltd-hazaribag-0-to-2-years-021225502958,Retail Sales,Financial Services,Sales & Business Development,Any Graduate,Any Postgraduate,"Relationship management, Loans, Basic, Sales, Microfinance, Delinquency management, Customer service, Management, Market penetration, Operations, Security Guidelines, Terms and Conditions",Description block not found or inaccessible
Area Sales Manager - Retail Sales - Jharkhand (Dhanbad),https://www.naukri.com/job-listings-area-sales-manager-retail-sales-jharkhand-dhanbad-ams-dhanbad-3-to-8-years-180326020498,Area Sales Manager (B2C),Chemicals (Paints),Sales & Business Development,Not Found,MBA/PGDM in Any Specialization,"Retail Sales, Sales, Channel Sales, Dealer Sales, Retail Channel Sales, Primary Sales, Distributor Handling",
Retail Sales Manager,https://www.naukri.com/job-listings-retail-sales-manager-agam-management-consultants-rourkela-jamshedpur-4-to-9-years-170326046266,Branch Sales Manager (B2C),Textile & Apparel (Fashion),Sales & Business Development,Diploma in Any Specialization,Not Found,"Retail Management, Showroom, Retail Store Operations, Retail Sales",Description block not found or inaccessible
Retail Sales Executive (Male),https://www.naukri.com/job-listings-retail-sales-executive-male-associated-resource-company-siliguri-jamshedpur-1-to-4-years-110326013827,Retail Sales Associate,Furniture & Furnishing,"Merchandising, Retail & eCommerce",Any Graduate,Not Found,"Retail Sales, Showroom Sales, Retail Operations",Description block not found or inaccessible
Sales Officer/Sales Manager/Filed Sales Executive,https://www.naukri.com/job-listings-sales-officer-sales-manager-filed-sales-executive-cyitechsearch-dhanbad-jamshedpur-ranchi-0-to-3-years-230326001987,Field Sales Executive,Banking,Sales & Business Development,Not Found,Not Found,"Retail Sales, Sales, B2C Sales, Field Sales, Business Development, Current & savings account",Description block not found or inaccessible
Retail Sales Officer,https://www.naukri.com/job-listings-retail-sales-officer-shree-hr-consultancy-services-kolkata-jamshedpur-0-to-1-years-060326914997,Retail Sales,Retail,Sales & Business Development,Any Graduate,Any Postgraduate,"retail sales, sales officer, sales support, sales, retail, communication skills, after sales",Description block not found or inaccessible
Senior Relationship Manager- Retail Sales,https://www.naukri.com/job-listings-senior-relationship-manager-retail-sales-uti-mutual-fund-dhanbad-2-to-5-years-280625502255,Retail Sales,Financial Services,Sales & Business Development,Any Graduate,Any Postgraduate,"Training, Penetration, Time management, Finance, Business management, Management, MIS generation, Salesforce",Description block not found or inaccessible
Sales Manager Retail,https://www.naukri.com/job-listings-sales-manager-retail-lic-mutual-fund-asset-management-company-ltd-jalandhar-bhubaneswar-chandigarh-ranchi-bengaluru-1-to-5-years-100521500184,Insurance Sales / BD Manager,Financial Services,"BFSI, Investments & Trading",Any Graduate,Post Graduation Not Required,"Equity Analyst, Sales, Customer Service Executive",Description block not found or inaccessible
Service Manager 2,https://www.naukri.com/job-listings-service-manager-2-pratik-automobiles-hazaribag-3-to-8-years-260226028516,Service Manager,Auto Components,"Customer Success, Service & Operations",Not Found,Any Postgraduate,"Automobile Service, Vehicle, Automobile, Car Service, Vehicle Maintenance, Automobile Maintenance, Driving, Workshop Management, Four Wheeler",Description block not found or inaccessible
Area Sales Manager,https://www.naukri.com/job-listings-area-sales-manager-mahindra-mahindra-limited-ranchi-3-to-8-years-200326501920,Area Sales Manager (B2B),Automobile,Sales & Business Development,"Diploma in Any Specialization, Any Graduate","MBA/PGDM in Any Specialization, PG Diploma in Electronics","Relationship management, Order management, Sales planning, Sales operations, Market intelligence, Sales process, Dms, Automotive, Monitoring, Retail sales",Description block not found or inaccessible
Service Engineer,https://www.naukri.com/job-listings-service-engineer-ideal-solutions-mumbai-bhubaneswar-hyderabad-ranchi-0-to-0-years-130326033905,Service Engineer,Automobile (Electric Vehicle (EV)),"Customer Success, Service & Operations","Diploma in Mechanical Engineering, Electronics And Instrumentation, ITI, B.Tech/B.E. - Bachelor of Technology / Engineering in Electrical and Electronics Engineering (EEE), Automobile Engineering, Production and Industrial Engineering, Mechanical Engineering, Mechatronics",Not Found,"Car Service, Service Engineering, Automobile Service, Car Showroom, Mechanical Engineering, Automobile Engineering, EEE, Dealer Training, After Sales Service, Mechanical Maintenance, Servicing, Four Wheeler, After Sales Support, Repair And Maintenance, Warranty Handling, Repair",Description block not found or inaccessible
Sales Manager - Auto Loans,https://www.naukri.com/job-listings-sales-manager-auto-loans-hdb-financial-services-limited-deoghar-0-to-13-years-190326503123,Territory Sales Manager (B2C),Financial Services,Sales & Business Development,Any Graduate,Any Postgraduate,"Market study, Sales planning, Analytical, Institutional sales, Cost management, Business planning, Sales Promotion Executive, Auto loans, Network management, Planning Executive",Description block not found or inaccessible
Area Sales Manager,https://www.naukri.com/job-listings-area-sales-manager-mahindra-mahindra-limited-ranchi-3-to-8-years-190326504820,Area Sales Manager (B2B),Automobile,Sales & Business Development,Any Graduate,Any Postgraduate,"Relationship management, Manpower management, Sales planning, Dms, Credit management, Forecasting, Retail sales, Testing, automotive sales",Description block not found or inaccessible
Project Manager/Sr. Engineer- Mechanical/Electrical,https://www.naukri.com/job-listings-project-manager-sr-engineer-mechanical-electrical-hsmb-india-services-llp-chandrapur-kolkata-bokaro-10-to-20-years-220326005326,Production & Manufacturing - Other,Engineering & Construction,"Production, Manufacturing & Engineering",B.Tech/B.E. - Bachelor of Technology / Engineering in Mechanical Engineering,Not Found,Project Execution,Description block not found or inaccessible
Senior Sales Manager - TW,https://www.naukri.com/job-listings-senior-sales-manager-tw-hdb-financial-services-limited-medininagar-0-to-5-years-060326505059,Regional Sales Manager (B2C),Financial Services,Sales & Business Development,Any Graduate,Any Postgraduate,"Loans, Unit operations, Team management, Sales, Focus, Telecalling, Customer support, Management, Monitoring",Description block not found or inaccessible
Sales Manager - Auto Loans,https://www.naukri.com/job-listings-sales-manager-auto-loans-hdb-financial-services-limited-dhanbad-0-to-13-years-180326502431,Not Found,Not Found,Not Found,Not Found,Not Found,Not Found,Description block not found or inaccessible
Sales Manager - CV,https://www.naukri.com/job-listings-sales-manager-cv-hdb-financial-services-limited-garhwa-0-to-5-years-060326504906,Regional Sales Manager (B2C),Financial Services,Sales & Business Development,Any Graduate,Any Postgraduate,"Operations management, Manager Client Servicing, Business development operations, Team management, Sales planning, Analytical, Institutional sales, Sales Promotion Executive, Network management, Planning Executive",Description block not found or inaccessible
Showroom Manager/ Sales Manager- Automobile,https://www.naukri.com/job-listings-showroom-manager-sales-manager-automobile-premsons-motor-udyog-palamu-gumla-deoghar-ranchi-5-to-10-years-281125033686,Sales Support & Operations - Other,Automobile (Automobile Dealers),Sales & Business Development,Any Graduate,Not Found,"Dealership Management, Automobile showroom Manager, Automobile Sales, 4 Wheeler, Team Handling, Customer Experience Management, Dealer Operations, Sales Strategy, Sales Promotions, Relationship Management, Strategic Sales Planning, Sales Manager, Customer Acquisition",Description block not found or inaccessible
Sales Manager - CV,https://www.naukri.com/job-listings-sales-manager-cv-hdb-financial-services-limited-lohardaga-0-to-5-years-060326504927,Regional Sales Manager (B2C),Financial Services,Sales & Business Development,Any Graduate,Any Postgraduate,"Operations management, Manager Client Servicing, Business development operations, Team management, Sales planning, Analytical, Institutional sales, Sales Promotion Executive, Network management, Planning Executive",Description block not found or inaccessible
Senior Sales Manager - TW,https://www.naukri.com/job-listings-senior-sales-manager-tw-hdb-financial-services-limited-bokaro-dhanbad-jamshedpur-ranchi-0-to-12-years-100326505479,Regional Sales Manager (B2C),Financial Services,Sales & Business Development,Any Graduate,Any Postgraduate,"Loans, Unit operations, Team management, Sales, Focus, Telecalling, Customer support, Management, Monitoring",Description block not found or inaccessible
Senior Sales Manager - SF,https://www.naukri.com/job-listings-senior-sales-manager-sf-hdb-financial-services-limited-jamshedpur-0-to-5-years-060326505024,Regional Sales Manager (B2C),Financial Services,Sales & Business Development,Any Graduate,Any Postgraduate,"Operations management, Manager Client Servicing, Market study, Business development operations, Team management, Networking, Focus, Cost management, Sales management, Sales promotion",Description block not found or inaccessible
Assistant Manager / Senior Engineer - Installation,https://www.naukri.com/job-listings-assistant-manager-senior-engineer-installation-kone-elevator-india-pvt-ltd-ranchi-4-to-8-years-230326016380,Not Found,Not Found,Not Found,,Not Found,"execution, project management, ms project, program management, equipment, project, control, monitoring, scope management, commissioning, budgeting, schedule, planning, site, site supervision, site management, installation, civil, scheduling, construction, maintenance, project planning",Description block not found or inaccessible
Sales Manager - CV,https://www.naukri.com/job-listings-sales-manager-cv-hdb-financial-services-limited-jamshedpur-0-to-5-years-060326504922,Regional Sales Manager (B2C),Financial Services,Sales & Business Development,Any Graduate,Any Postgraduate,"Operations management, Manager Client Servicing, Business development operations, Team management, Sales planning, Analytical, Institutional sales, Sales Promotion Executive, Network management, Planning Executive",Description block not found or inaccessible
Sales Manager - CV,https://www.naukri.com/job-listings-sales-manager-cv-hdb-financial-services-limited-bokaro-dhanbad-jamshedpur-ranchi-0-to-12-years-100326505478,Regional Sales Manager (B2C),Financial Services,Sales & Business Development,Any Graduate,Any Postgraduate,"Operations management, Manager Client Servicing, Business development operations, Team management, Sales planning, Analytical, Institutional sales, Sales Promotion Executive, Network management, Planning Executive",Description block not found or inaccessible
TSM - MNC - Automobile - Ranchi & Guwahati,https://www.naukri.com/job-listings-tsm-mnc-automobile-ranchi-guwahati-industrial-personnel-network-guwahati-ranchi-5-to-10-years-020326031727,BD / Pre Sales - Other,Automobile,Sales & Business Development,Not Found,MBA/PGDM in Any Specialization,"Strategic Thinking, Communication Skills, SOP, Analysis, Problem Solving",Description block not found or inaccessible
Senior Sales Manager - SF,https://www.naukri.com/job-listings-senior-sales-manager-sf-hdb-financial-services-limited-ranchi-0-to-5-years-060326504994,Regional Sales Manager (B2C),Financial Services,Sales & Business Development,Any Graduate,Any Postgraduate,"Operations management, Manager Client Servicing, Market study, Business development operations, Team management, Networking, Focus, Cost management, Sales management, Sales promotion",Description block not found or inaccessible
Channel Sales Manager - Tipper/HD with Commercial Vehicle Company,https://www.naukri.com/job-listings-channel-sales-manager-tipper-hd-with-commercial-vehicle-company-benchmark-services-bhubaneswar-dhanbad-chennai-3-to-7-years-020326030765,Channel Management,Automobile,Sales & Business Development,B.Tech/B.E. - Bachelor of Technology / Engineering in Any Specialization,Not Found,"Channel Sales Management, Sales, Field Sales, Business Development, Trucks, Bus, Dealer Management, Heavy Commercial Vehicles, Tyre Sales, Channel Sales, Tractor, Trailer, Tipper, Dealer Sales, Automobile Sales, Retail Channel Sales, MAVTT, HCV, Commercial Vehicle, LCV, Heavy Vehicle",Description block not found or inaccessible
Software Developer (Contract To Hire- Onsite),https://www.naukri.com/job-listings-software-developer-contract-to-hire-onsite-blg-technologies-ranchi-0-to-2-years-170326014471,Full Stack Developer,IT Services & Consulting,Engineering - Software & QA,"B.Sc - Bachelor of Science in Any Specialization, B.Tech/B.E. - Bachelor of Technology / Engineering in Any Specialization",Not Found,"Python, Javafx, Data Handling, Java, C++, OOPS, Tkinter, .Net, Pyqt, Html/Css",Description block not found or inaccessible
Junior Software Developer,https://www.naukri.com/job-listings-junior-software-developer-aadrika-enterprises-ranchi-0-to-3-years-020424501291,Software Development - Other,IT Services & Consulting,Engineering - Software & QA,Any Graduate,Any Postgraduate,"Manager Quality Assurance, Front end, Version control, Coding, Postgresql, MySQL, Web development, Healthcare, HTML",Description block not found or inaccessible
Software Engineer,https://www.naukri.com/job-listings-software-engineer-suparnix-technologies-bermo-1-to-3-years-031125503219,Software Development - Other,IT Services & Consulting,Engineering - Software & QA,Any Graduate,Any Postgraduate,"software development, networking, dbms, engineering, recovery, software programming, sql, technical support, transport management, microsoft windows, installation, system performance, troubleshooting, software engineering, user management, sap hana, programming",Description block not found or inaccessible
Software Programmer,https://www.naukri.com/job-listings-software-programmer-napasoft-jamshedpur-0-to-5-years-061224501638,Software Development - Other,IT Services & Consulting,Engineering - Software & QA,Any Graduate,M.Tech in Electronics/Telecommunication,"C#, CSS, C, html5, PLSQL, ASP",Description block not found or inaccessible
Software Developer,https://www.naukri.com/job-listings-software-developer-vas-tribology-solutions-jamshedpur-2-to-5-years-240326020033,Full Stack Developer,Software Product,Engineering - Software & QA,"B.Tech/B.E. - Bachelor of Technology / Engineering in Computer Science and Engineering (CSE), Information Technology, BCA - Bachelor of Computer Applications in Any Specialization",MCA in Any Specialization,"Fast Api, GCP, Nextjs, Python, Cloud Deployment, API Integration, System Design, PostgreSQL, Ci/Cd, Microservices, Backend Development, REST API, GIT, Docker, Fullstack Development, Frontend Development, JavaScript, React.Js, Kubernetes",Description block not found or inaccessible
SOFTWARE DEVELOPER,https://www.naukri.com/job-listings-software-developer-ashkam-energy-pvt-ltd-ranchi-2-to-3-years-281024502378,Software Development - Other,Engineering & Construction,Engineering - Software & QA,Any Graduate,Any Postgraduate,"CSS, HTML, MS Office, Python",Description block not found or inaccessible
Software Tester,https://www.naukri.com/job-listings-software-tester-brightcode-software-services-pvt-ltd-ranchi-1-to-3-years-010822500854,Manual Test Engineer,IT Services & Consulting,Engineering - Software & QA,"BCA - Bachelor of Computer Applications in Computer Applications (General), B.Tech/B.E. - Bachelor of Technology / Engineering in Production and Industrial Engineering",MCA in Computers,"System testing, Database testing, Automation testing, Manual testing, Asset management, Portfolio management, Defect management, Scripting",Description block not found or inaccessible
Software Engineer,https://www.naukri.com/job-listings-software-engineer-special-software-india-jamshedpur-3-to-7-years-170125502892,Software Development - Other,IT Services & Consulting,Engineering - Software & QA,Any Graduate,Any Postgraduate,"c#, c++, css, python, software development, c, engineering, hibernate, javascript, sql server, jquery, sql, spring, spring boot, java, asp.net, j2ee, .net, software engineering, html, data structures, mysql",Description block not found or inaccessible
Chatbot Software Engineer,https://www.naukri.com/job-listings-chatbot-software-engineer-tata-industries-limited-tata-insights-and-quants-divison-mumbai-jamshedpur-bengaluru-2-to-4-years-261219501454,Technical Lead,Analytics / KPO / Research,Engineering - Software & QA,Any Graduate,Post Graduation Not Required,"Computer science, Tomcat, MySQL, Machine learning, Test planning, HTML, HTTP, Information management, Information technology, Python",Description block not found or inaccessible
Software Developer,https://www.naukri.com/job-listings-software-developer-ten-software-dhanbad-8-to-13-years-120325503380,Software Development - Other,IT Services & Consulting,Engineering - Software & QA,Any Graduate,Any Postgraduate,Software Developer,Description block not found or inaccessible
Software Engineer - Java developer,https://www.naukri.com/job-listings-software-engineer-java-developer-apptad-inc-bokaro-dhanbad-jamshedpur-ranchi-2-to-5-years-180326504402,Not Found,Not Found,Not Found,,,"python, software development, java development, problem solving, engineering, cloud platform, javascript, docker, coding, java, gcp, design patterns, integration, jenkins, troubleshooting, software engineering, code review, aws, programming, communication skills",Description block not found or inaccessible
Software Developer,https://www.naukri.com/job-listings-software-developer-swati-industries-ranchi-2-to-3-years-070624500614,Software Development - Other,Automobile,Engineering - Software & QA,Any Graduate,Any Postgraduate,"Computer science, System testing, Project management, Consulting, PHP, HTML, Unit testing, Technical support, Monitoring, Python",Description block not found or inaccessible
Software Engineer,https://www.naukri.com/job-listings-software-engineer-special-software-india-jamshedpur-3-to-7-years-170125503052,Software Development - Other,IT Services & Consulting,Engineering - Software & QA,Any Graduate,Any Postgraduate,"c#, c++, css, python, software development, c, training, engineering, hibernate, professional development, javascript, sql server, jquery, sql, spring, curriculum development, java, j2ee, .net, software engineering, html, data structures, mysql",Description block not found or inaccessible
Software Engineer,https://www.naukri.com/job-listings-software-engineer-it-scient-jamshedpur-2-to-4-years-200326003708,IT Security - Other,Iron & Steel,IT & Information Security,B.Tech/B.E. - Bachelor of Technology / Engineering in Any Specialization,MCA in Any Specialization,"SAP BODS, Cloud, Google Dataflow., Informatica",Description block not found or inaccessible
Senior Software Developer,https://www.naukri.com/job-listings-senior-software-developer-sahajseva-digital-consultancy-ranchi-3-to-7-years-231225503779,Marketing Manager,IT Services & Consulting,Marketing & Communication,Any Graduate,Any Postgraduate,"Marketing consulting, Team leading, Customer satisfaction, Advocate, Data Analyst, Digital marketing, digital transformation, Software solutions",Description block not found or inaccessible
Senior Software Developer,https://www.naukri.com/job-listings-senior-software-developer-dataspeaks-services-private-limited-jamshedpur-12-to-20-years-221025504753,Software Development - Other,BPM / BPO,Engineering - Software & QA,Any Graduate,Any Postgraduate,"Backend, Web technologies, HR operations, Enterprise applications, Shaping, Quality engineering, HR, Continuous improvement, System Architect",Description block not found or inaccessible
Software Engineering - Tagitec Professional,https://www.naukri.com/job-listings-software-engineering-tagitec-professional-apptad-inc-bokaro-3-to-8-years-221225500560,Not Found,Not Found,Not Found,,,"Analyst, ERP, Automation, Data modeling, Agile, Application development, Project planning, SQL, Auditing",Description block not found or inaccessible
Senior Software Developer - Web Development,https://www.naukri.com/job-listings-senior-software-developer-web-development-leo-edunomics-ranchi-3-to-8-years-190326503376,Full Stack Developer,Education / Training,Engineering - Software & QA,"Any Graduate, BCA - Bachelor of Computer Applications in Computer Applications (General)","Any Postgraduate, MCA in Computers","Computer science, Testing tools, MySQL, Web development, Agile, PHP, Application development, SDLC, SQL, Agile testing",Description block not found or inaccessible
Senior Software Engineer,https://www.naukri.com/job-listings-senior-software-engineer-apptad-inc-bokaro-dhanbad-jamshedpur-ranchi-7-to-12-years-180326504341,Not Found,Not Found,Not Found,,,"Manual testing, Db2, JBoss, JSP, Weblogic, Javascript, Struts, J2Ee, HTML, Application development",Description block not found or inaccessible
Senior Software Developer,https://www.naukri.com/job-listings-senior-software-developer-apptad-inc-bokaro-dhanbad-jamshedpur-ranchi-8-to-12-years-160226505742,Not Found,Not Found,Not Found,,,"Prototype, Db2, JBoss, Weblogic, JSP, Javascript, Struts, J2Ee, Customer relationship, HTML",Description block not found or inaccessible
Area Sales Manager ( B2B ),https://www.naukri.com/job-listings-area-sales-manager-b2b-triveni-almirah-rohtak-jaipur-bikaner-jodhpur-kota-udaipur-bhopal-bharatpur-chhindwara-gwalior-indore-jagdalpur-jabalpur-deoghar-sagar-nagaur-dhanbad-jamshedpur-sonipat-ranchi-bilaspur-raipur-3-to-8-years-230326503113,Zonal Sales Manager (B2C),Facility Management Services,Sales & Business Development,Any Graduate,,"Sales HR, management, Area sales, HR, B2B Sales, Enterprise sales, coordination, manage, Security Guidelines, Terms and Conditions",
Area Sales Manager ( B2B ),https://www.naukri.com/job-listings-area-sales-manager-b2b-triveni-almirah-rohtak-jaipur-bikaner-jodhpur-kota-udaipur-bhopal-bharatpur-chhindwara-gwalior-indore-jagdalpur-jabalpur-deoghar-sagar-nagaur-dhanbad-jamshedpur-sonipat-ranchi-bilaspur-raipur-3-to-8-years-230326503110,Zonal Sales Manager (B2C),Facility Management Services,Sales & Business Development,Any Graduate,,"Sales HR, management, Area sales, HR, B2B Sales, Enterprise sales, coordination, manage, Security Guidelines, Terms and Conditions",
Area Sales Manager ( B2B ),https://www.naukri.com/job-listings-area-sales-manager-b2b-triveni-almirah-rohtak-jaipur-bikaner-jodhpur-kota-udaipur-bhopal-bharatpur-chhindwara-gwalior-indore-jagdalpur-jabalpur-deoghar-sagar-nagaur-dhanbad-jamshedpur-sonipat-ranchi-bilaspur-raipur-3-to-8-years-230326503109,Zonal Sales Manager (B2C),Facility Management Services,Sales & Business Development,Any Graduate,,"Sales HR, management, Area sales, HR, B2B Sales, Enterprise sales, coordination, manage, Security Guidelines, Terms and Conditions",
Area Sales Manager ( B2B ),https://www.naukri.com/job-listings-area-sales-manager-b2b-triveni-almirah-rohtak-jaipur-bikaner-jodhpur-kota-udaipur-bhopal-bharatpur-chhindwara-gwalior-indore-jagdalpur-jabalpur-deoghar-sagar-nagaur-dhanbad-jamshedpur-sonipat-ranchi-bilaspur-raipur-3-to-8-years-230326503107,Zonal Sales Manager (B2C),Facility Management Services,Sales & Business Development,Any Graduate,,"Sales HR, management, Area sales, HR, B2B Sales, Enterprise sales, coordination, manage, Security Guidelines, Terms and Conditions",
Area Sales Manager ( B2B ),https://www.naukri.com/job-listings-area-sales-manager-b2b-triveni-almirah-rohtak-jaipur-bikaner-jodhpur-kota-udaipur-bhopal-bharatpur-chhindwara-gwalior-indore-jagdalpur-jabalpur-deoghar-sagar-nagaur-dhanbad-jamshedpur-sonipat-ranchi-bilaspur-raipur-3-to-8-years-230326503106,Zonal Sales Manager (B2C),Facility Management Services,Sales & Business Development,Any Graduate,,"Sales HR, management, Area sales, HR, B2B Sales, Enterprise sales, coordination, manage, Security Guidelines, Terms and Conditions",
Area Sales Manager ( B2B ),https://www.naukri.com/job-listings-area-sales-manager-b2b-triveni-almirah-rohtak-jaipur-bikaner-jodhpur-kota-udaipur-bhopal-bharatpur-chhindwara-gwalior-indore-jagdalpur-jabalpur-deoghar-sagar-nagaur-dhanbad-jamshedpur-sonipat-ranchi-bilaspur-raipur-3-to-8-years-230326503104,Zonal Sales Manager (B2C),Facility Management Services,Sales & Business Development,Any Graduate,,"Sales HR, management, Area sales, HR, B2B Sales, Enterprise sales, coordination, manage, Security Guidelines, Terms and Conditions",
Area Sales Manager ( B2B ),https://www.naukri.com/job-listings-area-sales-manager-b2b-triveni-almirah-rohtak-jaipur-bikaner-jodhpur-kota-udaipur-bhopal-bharatpur-chhindwara-gwalior-indore-jagdalpur-jabalpur-deoghar-sagar-nagaur-dhanbad-jamshedpur-sonipat-ranchi-bilaspur-raipur-3-to-8-years-230326503103,Zonal Sales Manager (B2C),Facility Management Services,Sales & Business Development,Any Graduate,,"Sales HR, management, Area sales, HR, B2B Sales, Enterprise sales, coordination, manage, Security Guidelines, Terms and Conditions",
Area Sales Manager ( B2B ),https://www.naukri.com/job-listings-area-sales-manager-b2b-triveni-almirah-rohtak-jaipur-bikaner-jodhpur-kota-udaipur-bhopal-bharatpur-chhindwara-gwalior-indore-jagdalpur-jabalpur-deoghar-sagar-nagaur-dhanbad-jamshedpur-sonipat-ranchi-bilaspur-raipur-3-to-8-years-230326503101,Zonal Sales Manager (B2C),Facility Management Services,Sales & Business Development,Any Graduate,,"Sales HR, management, Area sales, HR, B2B Sales, Enterprise sales, coordination, manage, Security Guidelines, Terms and Conditions",
Area Sales Manager ( B2B ),https://www.naukri.com/job-listings-area-sales-manager-b2b-triveni-almirah-rohtak-jaipur-bikaner-jodhpur-kota-udaipur-bhopal-bharatpur-chhindwara-gwalior-indore-jagdalpur-jabalpur-deoghar-sagar-nagaur-dhanbad-jamshedpur-sonipat-ranchi-bilaspur-raipur-3-to-8-years-230326503100,Zonal Sales Manager (B2C),Facility Management Services,Sales & Business Development,Any Graduate,,"Sales HR, management, Area sales, HR, B2B Sales, Enterprise sales, coordination, manage, Security Guidelines, Terms and Conditions",
Area Sales Manager ( B2B ),https://www.naukri.com/job-listings-area-sales-manager-b2b-triveni-almirah-rohtak-jaipur-bikaner-jodhpur-kota-udaipur-bhopal-bharatpur-chhindwara-gwalior-indore-jagdalpur-jabalpur-deoghar-sagar-nagaur-dhanbad-jamshedpur-sonipat-ranchi-bilaspur-raipur-3-to-8-years-230326503099,Zonal Sales Manager (B2C),Facility Management Services,Sales & Business Development,Any Graduate,,"Sales HR, management, Area sales, HR, B2B Sales, Enterprise sales, coordination, manage, Security Guidelines, Terms and Conditions",
Area Sales Manager ( B2B ),https://www.naukri.com/job-listings-area-sales-manager-b2b-triveni-almirah-rohtak-jaipur-bikaner-jodhpur-kota-udaipur-bhopal-bharatpur-chhindwara-gwalior-indore-jagdalpur-jabalpur-deoghar-sagar-nagaur-dhanbad-jamshedpur-sonipat-ranchi-bilaspur-raipur-3-to-8-years-230326503098,Zonal Sales Manager (B2C),Facility Management Services,Sales & Business Development,Any Graduate,,"Sales HR, management, Area sales, HR, B2B Sales, Enterprise sales, coordination, manage, Security Guidelines, Terms and Conditions",
Area Sales Manager ( B2B ),https://www.naukri.com/job-listings-area-sales-manager-b2b-triveni-almirah-rohtak-jaipur-bikaner-jodhpur-kota-udaipur-bhopal-bharatpur-chhindwara-gwalior-indore-jagdalpur-jabalpur-deoghar-sagar-nagaur-dhanbad-jamshedpur-sonipat-ranchi-bilaspur-raipur-3-to-8-years-230326503112,Zonal Sales Manager (B2C),Facility Management Services,Sales & Business Development,Any Graduate,,"Sales HR, management, Area sales, HR, B2B Sales, Enterprise sales, coordination, manage, Security Guidelines, Terms and Conditions",
Area Sales Manager ( B2B ),https://www.naukri.com/job-listings-area-sales-manager-b2b-triveni-almirah-rohtak-jaipur-bikaner-jodhpur-kota-udaipur-bhopal-bharatpur-chhindwara-gwalior-indore-jagdalpur-jabalpur-deoghar-sagar-nagaur-dhanbad-jamshedpur-sonipat-ranchi-bilaspur-raipur-3-to-8-years-230326503111,Zonal Sales Manager (B2C),Facility Management Services,Sales & Business Development,Any Graduate,,"Sales HR, management, Area sales, HR, B2B Sales, Enterprise sales, coordination, manage, Security Guidelines, Terms and Conditions",
Area Sales Manager ( B2B ),https://www.naukri.com/job-listings-area-sales-manager-b2b-triveni-almirah-rohtak-jaipur-bikaner-jodhpur-kota-udaipur-bhopal-bharatpur-chhindwara-gwalior-indore-jagdalpur-jabalpur-deoghar-sagar-nagaur-dhanbad-jamshedpur-sonipat-ranchi-bilaspur-raipur-3-to-8-years-230326503108,Zonal Sales Manager (B2C),Facility Management Services,Sales & Business Development,Any Graduate,,"Sales HR, management, Area sales, HR, B2B Sales, Enterprise sales, coordination, manage, Security Guidelines, Terms and Conditions",
Area Sales Manager ( B2B ),https://www.naukri.com/job-listings-area-sales-manager-b2b-triveni-almirah-rohtak-jaipur-bikaner-jodhpur-kota-udaipur-bhopal-bharatpur-chhindwara-gwalior-indore-jagdalpur-jabalpur-deoghar-sagar-nagaur-dhanbad-jamshedpur-sonipat-ranchi-bilaspur-raipur-3-to-8-years-230326503105,Zonal Sales Manager (B2C),Facility Management Services,Sales & Business Development,Any Graduate,,"Sales HR, management, Area sales, HR, B2B Sales, Enterprise sales, coordination, manage, Security Guidelines, Terms and Conditions",
Area Sales Manager ( B2B ),https://www.naukri.com/job-listings-area-sales-manager-b2b-triveni-almirah-rohtak-jaipur-bikaner-jodhpur-kota-udaipur-bhopal-bharatpur-chhindwara-gwalior-indore-jagdalpur-jabalpur-deoghar-sagar-nagaur-dhanbad-jamshedpur-sonipat-ranchi-bilaspur-raipur-3-to-8-years-230326503102,Zonal Sales Manager (B2C),Facility Management Services,Sales & Business Development,Any Graduate,,"Sales HR, management, Area sales, HR, B2B Sales, Enterprise sales, coordination, manage, Security Guidelines, Terms and Conditions",
Customer Relationship Manager,https://www.naukri.com/job-listings-customer-relationship-manager-ujjivan-small-finance-bank-chatra-garhwa-5-to-8-years-120226010302,Lending - Other,Banking,"BFSI, Investments & Trading",Any Graduate,Not Found,"Mfi, Sales, Microfinance, Group Sales, Rural Finance",Description block not found or inaccessible
Senior Manager Biomass Fuel Business Development,https://www.naukri.com/job-listings-senior-manager-biomass-fuel-business-development-nishal-enterprises-jamshedpur-mumbai-all-areas-2-to-6-years-200326019036,Business Development Manager (BDM),Agriculture / Forestry / Fishing (Agri-tech),Sales & Business Development,B.Tech/B.E. - Bachelor of Technology / Engineering in Agricultural Engineering,Not Found,"Business Development Management, Sales Management, Business Management",Description block not found or inaccessible
Walk-in || Bank office Branch Banking & Relationship Officer Branch Banking,https://www.naukri.com/job-listings-bank-office-branch-banking-relationship-officer-branch-banking-au-small-finance-bank-ranchi-0-to-5-years-230326007231,Not Found,Not Found,Not Found,Not Found,,"Liabilities, Banking Sales",Description block not found or inaccessible
Business Development Relationship Manager- Ranchi (Jharkhand),https://www.naukri.com/job-listings-business-development-relationship-manager-ranchi-jharkhand-ujjivan-small-finance-bank-ranchi-saheed-chowk-1-to-4-years-230226918456,Retail Banking Sales,Banking,Sales & Business Development,"BCA - Bachelor of Computer Applications in Any Specialization, B.Com - Bachelor of Commerce in Any Specialization, B.Tech/B.E. - Bachelor of Technology / Engineering in Any Specialization, B.A - Bachelor of Arts in Any Specialization, B.B.A/ B.M.S - Bachelor of Business Admin / Mgmt Studies in Any Specialization, B.Sc - Bachelor of Science in Any Specialization",Not Found,"Deposits, B2C Sales, Current & savings account, TPP, Life insurance, Health insurance, Retail Sales, RD, Sales, Casa, Car insurance, Field Sales, Insurance, Two-wheeler insurance, Liabilities, Branch Sales, Term insurance, Business Development, FD",Description block not found or inaccessible
